time_s,fixed_total_bps,greedy_total_bps,opt_total_bps,fixed_min_bps,greedy_min_bps,opt_min_bps,fixed_jain,greedy_jain,opt_jain
1.000000,1872884921.674321,1871947302.753324,1872810824.961926,51942518.484098,53032482.569206,52170057.109875,0.960578,0.961615,0.960572
2.000000,1875223496.484718,1875199764.520893,1875087220.291188,52290212.968677,51848187.594850,52657020.304909,0.961265,0.961089,0.961316
3.000000,1877584738.836246,1876911553.960804,1877384797.984418,52246080.572956,50280253.182319,52749311.617663,0.962093,0.960520,0.962204
4.000000,1880006340.089685,1878819481.691520,1879745635.382732,52106963.695332,49684075.509941,52743815.648272,0.963338,0.961309,0.963506
5.000000,1882902364.133915,1881701938.321256,1882599485.540748,52096704.263645,49664888.153394,52867476.276058,0.964579,0.962548,0.964810
6.000000,1885665632.112937,1884407203.305911,1885340496.528850,52075355.865172,49635586.848145,52978496.848910,0.965621,0.963594,0.965908
7.000000,1888464067.592853,1887152761.279592,1888132671.839815,51972979.526418,49530754.440059,53005021.778839,0.966485,0.964474,0.966835
8.000000,1890719969.362046,1889366058.304581,1890397747.940796,51712176.377227,49278368.403991,52867007.130526,0.967082,0.965082,0.967487
9.000000,1893419209.439129,1891982752.888723,1893147131.268423,52133948.365661,49670411.315190,53438130.510714,0.967990,0.965988,0.968451
10.000000,1895992262.797067,1894387510.233202,1895791420.556746,52913956.513938,50400852.126498,54386988.529863,0.968978,0.966941,0.969504
11.000000,1898430171.510127,1896657800.923516,1898295470.913306,53685153.528364,51121462.490608,55328735.953056,0.969989,0.967923,0.970568
12.000000,1899592655.755796,1899080485.799461,1899543551.720699,54521919.296211,53543322.741517,56342134.808458,0.970886,0.970267,0.971493
13.000000,1900620518.629627,1899708410.948085,1900676983.657392,55348091.003882,56072606.137295,57354088.378736,0.971646,0.972318,0.972266
14.000000,1901533140.815391,1899809648.284290,1901817110.834501,56288461.530632,57925545.718751,58489195.859667,0.972456,0.973713,0.973084
15.000000,1903380693.086797,1903180540.118359,1903930240.476462,57382755.026563,60338951.490032,59786355.762301,0.973385,0.974912,0.974015
16.000000,1904954247.868205,1905070829.835427,1905874731.971350,58463149.424677,62756240.720643,61074843.882457,0.974195,0.975468,0.974831
17.000000,1908461803.410430,1908725601.957714,1909864612.149861,59432240.509669,64435772.860143,62255859.181247,0.975318,0.976344,0.976015
18.000000,1912089356.362181,1913178373.238209,1914018906.274502,60506048.478575,65605468.454110,63556320.809347,0.976387,0.977452,0.977141
19.000000,1916000504.727815,1917911003.822937,1918497029.592448,61446868.936054,66624894.273538,64718969.894289,0.977395,0.978540,0.978231
20.000000,1919114881.467290,1921851782.507701,1922220914.765672,62207922.394283,67465109.819418,65709709.295065,0.978211,0.979457,0.979146
21.000000,1922788785.196592,1926300728.517156,1926508423.552324,63055388.548551,68398700.555436,66798025.438509,0.979103,0.980429,0.980126
22.000000,1926117394.398910,1930381148.654573,1930475601.989671,63843927.112525,69263130.713997,67825320.969828,0.979969,0.981419,0.981118
23.000000,1928859174.007825,1933898049.973819,1933908317.888899,64735728.273677,70228248.168283,68958433.351016,0.980815,0.982368,0.982080
24.000000,1931653165.442089,1937461524.940224,1937417906.138556,65687577.662586,71248153.959698,70151622.896666,0.981605,0.983280,0.983007
25.000000,1934124851.391752,1940708119.003321,1940638624.999719,66663578.221780,72291495.375960,71373160.469910,0.982337,0.984159,0.983903
26.000000,1936496221.138720,1943874023.905007,1943803095.336805,67665047.842309,73349951.732590,72614272.328363,0.982951,0.984917,0.984683
27.000000,1938845845.246834,1946919091.240941,1946879293.353426,68674020.901720,74411718.348937,73862476.644966,0.983467,0.985548,0.985343
28.000000,1940818024.552182,1949589634.241955,1949611608.105193,69705903.494831,75491965.703497,75132282.693843,0.983925,0.986104,0.985931
29.000000,1942723366.909059,1952277484.082342,1952392839.040505,70638702.017317,76474933.163756,76308888.437950,0.984397,0.986689,0.986554
30.000000,1944461675.548924,1954745005.995724,1954990018.578102,71598676.744335,77479045.549077,77508690.719791,0.984814,0.987220,0.987124
31.000000,1946155896.447080,1957062734.181371,1957458992.043322,72580301.159324,77914650.150546,77327223.197359,0.985144,0.987632,0.987578
32.000000,1948390476.006774,1959772225.717936,1960320894.417391,73418423.853464,77803520.723500,77149621.451753,0.985466,0.988020,0.988006
33.000000,1949840981.277929,1961773465.767401,1962499824.104293,74211716.751197,77843544.574695,77128804.789753,0.985663,0.988301,0.988333
34.000000,1952443486.461514,1964876764.209648,1965780593.058681,75327714.580319,77928276.162603,77161179.561667,0.986014,0.988652,0.988715
35.000000,1954669396.790873,1967537222.957526,1968614392.757010,76635854.811185,77806634.271164,76994940.877785,0.986374,0.988935,0.989009
36.000000,1956182326.326841,1969535301.227091,1970811626.748333,77711516.707399,77744543.507014,76896373.890296,0.986644,0.989139,0.989217
37.000000,1957693895.148790,1971439366.358688,1972905815.619068,78839657.882443,77631543.522760,76748024.349925,0.986891,0.989300,0.989370
38.000000,1958518766.289152,1972560914.979798,1974197254.472464,78411139.457249,77174246.416489,76259425.526297,0.986973,0.989291,0.989342
39.000000,1958848728.836669,1973154140.004703,1974955004.634856,77900033.376722,76752131.312028,75811745.891917,0.987027,0.989244,0.989261
40.000000,1959177615.574122,1975516758.163784,1975824736.473873,77210186.540719,74373360.031819,75178275.947437,0.987095,0.989018,0.989197
41.000000,1959106564.837277,1975432075.727266,1976342249.529102,76586866.085089,72084665.099051,74621224.737658,0.987162,0.988273,0.989101
42.000000,1958544357.706349,1974208356.243688,1976236371.959513,76302971.113383,71069411.715506,74423283.410508,0.987176,0.987568,0.988918
43.000000,1958093809.302967,1974059973.343064,1976138869.805083,76165127.728211,71100015.180096,74378476.188606,0.987221,0.987352,0.988742
44.000000,1956945046.894955,1973089628.186332,1975186803.927326,75816426.242841,70920917.752026,74125102.382468,0.987180,0.987015,0.988445
45.000000,1957098193.966035,1973353653.128845,1975456430.007972,75571839.135726,70846816.970524,73983386.570752,0.987322,0.986738,0.988220
46.000000,1957610231.956394,1973934702.509944,1976039719.790898,75455089.891118,70908602.534717,73983873.515593,0.987408,0.986431,0.987943
47.000000,1958470599.868286,1974779771.488684,1976877863.697283,75652165.575586,71263177.061179,74290009.176180,0.987502,0.986200,0.987709
48.000000,1958856286.972060,1975105288.672951,1977166583.831915,75870999.270869,71640343.930332,74623309.904091,0.987529,0.985896,0.987399
49.000000,1958948365.008363,1975002293.589343,1977063639.283792,75909254.388404,71848340.196229,74788021.280528,0.987483,0.985510,0.987005
50.000000,1959250702.286007,1975168626.188053,1977163817.074667,76084297.725078,72188178.797021,75091724.611997,0.987414,0.985151,0.986620
51.000000,1959242421.999055,1975129070.215715,1977026112.263572,76150175.494070,72425962.529168,75295930.648121,0.987289,0.984750,0.986181
52.000000,1959923974.641112,1975557602.387670,1977389821.704210,74887809.266671,72610972.541534,75450421.530491,0.987139,0.984506,0.985891
53.000000,1961406765.353682,1976792639.524876,1978571041.762376,73813757.116388,72565816.839418,75377437.251508,0.987068,0.984464,0.985808
54.000000,1961970105.830420,1977260418.772474,1978951801.665416,72781864.017979,72148111.372784,74932059.616506,0.986822,0.984256,0.985563
55.000000,1962134323.268212,1977548701.789129,1979100965.810708,71767894.457870,71732225.923193,74492785.977427,0.986582,0.984102,0.985371
56.000000,1962033222.799666,1977638860.744786,1979018094.908462,70928898.899274,71566523.888962,74312360.811079,0.986345,0.984061,0.985273
57.000000,1961227118.166640,1976712368.760067,1977924796.313866,70080083.583804,71405702.680306,74142315.447510,0.986050,0.983868,0.985029
58.000000,1959764960.918117,1975243468.740539,1976257008.423102,69328045.170071,71246437.363773,73979618.634306,0.985733,0.983645,0.984765
59.000000,1958227372.767554,1973740420.146417,1974652744.985115,68699038.274155,71128409.539384,73863178.156677,0.985396,0.983429,0.984526
60.000000,1957315102.627193,1973063513.319986,1973928365.284657,68344079.305658,70894208.117142,73633174.193708,0.985108,0.983352,0.984446
61.000000,1956734801.214251,1972779806.950626,1973945366.734393,68214042.835019,70992766.320684,73912155.814136,0.984893,0.983427,0.984742
62.000000,1956237784.177592,1972421713.020271,1973828347.123758,68253890.583949,71277480.931555,74373037.016151,0.984752,0.983612,0.985113
63.000000,1955916250.396965,1972059677.297286,1973656549.999719,68137552.080924,71662883.009338,74928864.960073,0.984600,0.983758,0.985430
64.000000,1954536756.182594,1970617949.252569,1972374248.244216,67905177.044023,71801716.204094,75225569.714948,0.984278,0.983642,0.985496
65.000000,1952637797.946863,1968682667.528359,1970525730.645372,67659161.841775,71718010.826394,75287113.121285,0.983804,0.983427,0.985450
66.000000,1949380572.436787,1965370151.537827,1967260484.082621,67247634.726408,71551847.656704,75255906.036543,0.983146,0.983009,0.985201
67.000000,1946083953.017171,1962133732.280734,1964033191.714223,66821417.597153,71260812.979239,75088655.708887,0.982457,0.982573,0.984916
68.000000,1944444696.352602,1960409416.946129,1962341480.080748,66588445.352860,70897571.493298,74837038.325660,0.981964,0.982132,0.984653
69.000000,1943248809.356381,1959153402.568109,1961077795.608623,66311591.534122,70639504.988875,74682107.002162,0.981427,0.981628,0.984321
70.000000,1942004354.728494,1957602498.413896,1959578893.107631,66000646.699127,70333867.524329,74471846.423730,0.980812,0.981061,0.983932
71.000000,1940334945.310781,1955557824.332893,1957649885.427323,65609507.182011,69935147.029803,74157807.424153,0.980100,0.980423,0.983471
72.000000,1938357556.428647,1953025510.733197,1955251901.555630,65441382.038572,69159896.288477,73456345.356705,0.979285,0.979620,0.982874
73.000000,1937985461.881817,1951882024.142193,1954395245.213587,65234432.172739,68325913.023926,72688351.427609,0.978742,0.978974,0.982508
74.000000,1937585968.030548,1952019834.629607,1953270520.430269,64725338.646918,68154170.430646,71815859.443879,0.978066,0.979237,0.982011
75.000000,1937237152.950478,1950756892.173514,1952260451.729871,64323181.111087,67849205.613844,70912090.563194,0.977353,0.979276,0.981496
76.000000,1936690163.757879,1949006233.263256,1951129732.650237,63907010.473622,67143043.615755,69983659.612716,0.976562,0.978781,0.980918
77.000000,1936550010.092834,1949855641.533599,1950374208.382665,63370365.335541,69247350.660134,69687662.311369,0.975877,0.980187,0.980432
78.000000,1937299276.948170,1949931319.198819,1950589142.698245,62954774.918025,72640662.507288,70625365.456413,0.975569,0.981760,0.980271
79.000000,1936866345.493379,1948401962.551419,1949675279.848879,62491027.690659,73296540.521635,70945331.411667,0.975159,0.982305,0.980039
80.000000,1937063488.774920,1948230633.590312,1949342712.425313,61977234.827288,72716968.286326,70293523.720654,0.974718,0.981990,0.979756
81.000000,1936373971.081733,1947161844.748995,1948162238.564144,61442538.835041,72109713.091803,69608978.600232,0.974221,0.981585,0.979396
82.000000,1935713985.719008,1946087735.154013,1947017975.396838,60876309.927252,71209922.944919,68880244.203774,0.973572,0.980986,0.978851
83.000000,1936232250.066274,1945912179.648728,1946877077.222999,60268234.603745,70763563.597968,68096291.364279,0.973167,0.980671,0.978597
84.000000,1937970809.055602,1947004238.084045,1948021891.194821,59676172.767842,70078375.098785,67322887.520125,0.973048,0.980678,0.978663
85.000000,1939648578.703500,1948154547.485050,1949234588.182655,58957860.371412,69241831.475206,66401109.972434,0.972947,0.980688,0.978731
86.000000,1940255444.660717,1948228042.347606,1949412552.311150,58054304.392559,68183680.247231,65263083.405466,0.972689,0.980550,0.978643
87.000000,1940165322.192827,1947528030.874168,1948883110.070516,57193986.557251,67167507.988563,64165530.711697,0.972343,0.980287,0.978434
88.000000,1940343210.008302,1947046125.623479,1948612182.018041,56344787.546409,66158460.943224,63074548.001073,0.971962,0.979990,0.978189
89.000000,1940395116.986336,1946691093.103675,1948420341.066185,55568322.735951,65228626.022768,62060097.555427,0.971539,0.979655,0.977898
90.000000,1940084507.741399,1945874076.612790,1947831428.811586,54710832.722651,64194668.235436,60946933.853448,0.971056,0.979263,0.977545
91.000000,1941134533.315415,1946498077.891977,1948692816.583987,53922345.638705,63237331.994841,59907790.975121,0.971100,0.979389,0.977688
92.000000,1941865900.268642,1948234349.871092,1949184944.236745,53309058.782991,60956671.894513,59059906.455832,0.971206,0.979889,0.977870
93.000000,1942061723.373755,1947873904.312556,1949094129.776003,52737444.863247,58715135.473135,58256691.873497,0.971159,0.979788,0.977900
94.000000,1942608822.250452,1947466751.290164,1949377675.087453,52078223.524668,57154282.377725,57357295.674059,0.971236,0.979591,0.977992
95.000000,1943303820.831335,1947994304.298847,1949836012.440109,51683862.236870,56638279.780128,56748714.474700,0.971649,0.979825,0.978330
96.000000,1944966125.506993,1949520955.163272,1951320686.125659,51716968.364286,56645663.790956,56639042.816341,0.972252,0.980250,0.978847
97.000000,1946769282.318376,1951215704.099448,1952958422.007452,52290852.088106,57331428.988086,57170385.426714,0.973014,0.980883,0.979536
98.000000,1948455173.740613,1952897106.523168,1954579061.389390,52856174.890372,58016201.780116,57695482.491118,0.973734,0.981457,0.980164
99.000000,1949087130.642456,1953442025.108276,1955103999.064553,53439624.696418,58714060.027160,58235711.681939,0.974287,0.981892,0.980640
100.000000,1949595937.917534,1953808690.150732,1955429270.285715,53895523.519514,59279698.775162,58640071.824984,0.974760,0.982208,0.981001
101.000000,1949625667.398439,1953640132.116788,1955233261.910055,54493225.564403,59993949.424392,59194902.449344,0.975255,0.982525,0.981365
102.000000,1949563810.384844,1954725477.764780,1954847789.635942,55094738.162711,59015258.491043,59753333.411284,0.975781,0.981319,0.981704
103.000000,1949659439.064539,1954264561.014862,1954655002.415725,55752206.312388,58051698.387676,60368905.723258,0.976308,0.979905,0.982032
104.000000,1949787175.079887,1953467411.615427,1954533515.274552,56385605.228547,57878724.117088,60959426.193593,0.976853,0.979359,0.982340
105.000000,1949580945.204687,1953224059.906566,1954038921.741457,57096939.556206,58626010.193942,61627942.051559,0.977430,0.979839,0.982647
106.000000,1948953881.329453,1952542037.449679,1953104674.062435,57825120.012998,59390412.579430,62312200.895132,0.978004,0.980309,0.982916
107.000000,1947658584.780542,1951207284.816440,1951563007.748156,58494332.092028,60097209.228754,62938681.539877,0.978392,0.980597,0.983005
108.000000,1946470883.075031,1949939433.454988,1950019974.484026,59211245.263017,60851320.094257,63611182.668517,0.978772,0.980866,0.983048
109.000000,1944536616.405271,1947970656.705050,1947835691.376938,59867639.736722,61548523.615559,64232006.124272,0.979066,0.981075,0.983050
110.000000,1941917241.443520,1945403045.117162,1945190983.716497,60402057.019699,62120654.788546,64724478.885906,0.979449,0.981369,0.983115
111.000000,1938938568.729560,1942470310.640504,1942174911.664227,60848499.418570,62604091.230341,65129981.037376,0.979937,0.981749,0.983222
112.000000,1936133263.753561,1939748989.425148,1939456415.884598,61395990.054986,63189693.897680,65640068.059562,0.980343,0.982047,0.983240
113.000000,1932618502.985992,1936296343.140220,1935995151.792335,61734618.826355,63566028.976907,65947648.950433,0.980626,0.982226,0.983134
114.000000,1928601000.878313,1932313775.775460,1932009390.193262,61798982.841985,63659960.190286,65968388.073446,0.980785,0.982272,0.982868
115.000000,1925484702.545410,1929412022.817880,1929437339.307609,61856078.253937,63746225.043907,65986145.333316,0.980929,0.982363,0.982752
116.000000,1922252167.056753,1926495672.129383,1927033882.258202,61857117.191157,63774611.193740,65949551.789246,0.980956,0.982362,0.982588
117.000000,1917762353.733362,1922327777.527243,1923445190.626894,61690490.264193,63629573.970163,65739156.958073,0.980903,0.982287,0.982345
118.000000,1912976030.122913,1919407306.486523,1919793883.518043,61514776.353643,65578251.751279,65531436.588496,0.980725,0.982903,0.981969
119.000000,1908407189.256937,1915256839.744203,1916439307.518540,61221170.913144,67457618.167070,65198195.692287,0.980466,0.982990,0.981506
120.000000,1903502785.042299,1912417689.173095,1912671563.091238,60616656.354259,65944832.075362,64517866.219114,0.980096,0.981644,0.980915
121.000000,1898438331.777138,1908291556.715041,1908878131.206680,60072217.768342,64526904.762113,64164029.774440,0.979729,0.979905,0.980358
122.000000,1893366761.836207,1904126181.853214,1905215613.388194,59349889.184842,63353219.904871,63612591.515729,0.979311,0.978496,0.979700
123.000000,1888035188.472953,1900660016.747024,1901341726.871126,58598980.440015,62676120.361847,63033283.782872,0.978861,0.977886,0.978947
124.000000,1883172216.953154,1897764156.752112,1898128158.645159,57897879.122764,62035364.533369,62497376.173699,0.978379,0.977313,0.978204
125.000000,1879494002.053068,1895847203.316250,1896014809.592533,59046587.387182,63230087.989749,63833122.473432,0.978562,0.977317,0.978022
126.000000,1876016095.366839,1894044414.147055,1894093630.247865,60145118.192501,63289301.678854,63679589.893902,0.978703,0.977308,0.977805
127.000000,1872472053.426174,1892028315.426198,1892037982.901092,61058979.016158,63307943.202107,63351590.994318,0.978863,0.977491,0.977764
128.000000,1868648191.882592,1889622214.191383,1889652212.416455,61894081.211793,63114336.242148,62812770.348413,0.978962,0.977509,0.977545
129.000000,1864358905.979301,1886757595.654501,1886849833.031389,62920858.314383,62863623.672013,62225018.896935,0.979018,0.977466,0.977244
130.000000,1860613168.736052,1884358245.034399,1884566511.720189,63993945.958584,62620012.451103,61650198.850010,0.979082,0.977356,0.976859
131.000000,1857210487.042536,1882256460.314754,1882631366.620248,65072947.327198,62513362.665520,61215708.077823,0.978977,0.977148,0.976366
132.000000,1852907931.264864,1879439560.284384,1880072327.773384,66414662.884123,62468055.809488,60843843.438871,0.978857,0.976981,0.975901
133.000000,1847635366.760143,1875460880.258743,1876397344.105980,67587083.410657,62298621.237728,60355783.212380,0.978522,0.976622,0.975233
134.000000,1842185930.401407,1871276353.328873,1872593463.098297,68448254.244906,62250933.278580,59990781.646994,0.978032,0.976189,0.974491
135.000000,1836656439.733364,1867092450.584690,1868901427.378462,67916201.472923,62184473.252224,59612217.147396,0.977606,0.975894,0.973889
136.000000,1832195396.839190,1865779169.931973,1866457981.302583,67543839.084830,60665836.703063,59217275.328824,0.977350,0.974885,0.973536
137.000000,1829054400.671088,1864739374.722003,1865526205.750900,67500081.703280,59179679.172042,58820278.486188,0.977174,0.973705,0.973403
138.000000,1824821401.127135,1862616784.268377,1863850361.955954,67316241.115683,58410996.186963,58403535.218007,0.976780,0.972935,0.973079
139.000000,1819217074.763980,1861294200.790386,1861180132.835566,66658901.862664,56576599.157856,57945753.977515,0.976136,0.971128,0.972671
140.000000,1813181499.688247,1858367632.309894,1858156517.184695,65865600.297934,54982976.248002,57729402.153073,0.975410,0.969037,0.972295
141.000000,1806928321.085305,1855037134.166509,1854966905.877015,65201519.721656,54126777.444044,57402902.073152,0.974702,0.967938,0.971964
142.000000,1800776803.154913,1852163094.852123,1851706831.232372,64536789.237091,54464368.663915,57459063.543232,0.974035,0.968069,0.971699
143.000000,1795712325.955590,1850609485.619092,1849879774.197047,63968523.406393,55248599.686249,57983549.765019,0.973384,0.968657,0.971856
144.000000,1791500134.251226,1849709428.269282,1848850082.075686,63529950.511167,56099897.286253,58568998.608030,0.972721,0.969471,0.972244
145.000000,1787422015.620986,1848893131.950976,1847996678.829460,63188448.250041,56955295.118463,59145603.110732,0.972084,0.970214,0.972592
146.000000,1782760015.766593,1847618233.173650,1846775847.854419,63051593.831448,57819328.761289,59719567.736432,0.971363,0.970946,0.972953
147.000000,1780471127.882788,1850091818.034796,1847882515.677551,62996037.148946,57452086.033354,60306791.407299,0.970938,0.970902,0.973597
148.000000,1778139858.493960,1851168609.067824,1848922700.509726,62627893.812957,57037170.623660,60894916.715181,0.970440,0.970740,0.974305
149.000000,1778210124.832408,1854415719.138915,1852505373.612656,62265953.264324,57206160.525741,61456991.955328,0.970438,0.971388,0.975244
150.000000,1778703432.992692,1858481926.158618,1856302908.955872,61946530.782378,57877892.422927,61868076.689238,0.970321,0.972785,0.976130
151.000000,1779436940.033422,1862309243.168999,1860005135.455262,61848365.866589,58605903.071750,62325601.208376,0.970167,0.974083,0.976947
152.000000,1780369212.679454,1865821965.859321,1863518668.261672,61617321.808067,59388465.038278,62829356.745579,0.969854,0.975308,0.977699
153.000000,1780110512.420047,1868598410.314155,1866243270.167250,61399987.834304,60118223.499636,63271528.281940,0.969350,0.976357,0.978295
154.000000,1779601370.410005,1870891263.978056,1868591717.751043,61503590.668727,60623647.139610,63477566.163728,0.968945,0.977335,0.978887
155.000000,1778772072.562964,1872112301.947898,1869973960.500707,61346148.646697,61126674.214921,63675116.722069,0.968333,0.978245,0.979425
156.000000,1778969525.442594,1874498800.839486,1872507785.837505,61768109.536291,61805658.651633,64044631.477639,0.967917,0.979215,0.980055
157.000000,1779194933.134919,1877072467.620973,1875259031.450826,62814289.856576,62561884.959932,64486205.496935,0.967689,0.980150,0.980699
158.000000,1780528469.675622,1880747052.956289,1879088618.311683,61872313.908351,63130990.620309,64731473.454933,0.967554,0.981018,0.981283
159.000000,1782602665.501593,1884770279.906344,1883310427.891322,61026630.000723,63641381.107286,64912267.564249,0.967474,0.981881,0.981883
160.000000,1785301572.558926,1889542238.654639,1888289911.376177,60127358.787048,64217264.436475,65153262.488510,0.967669,0.982766,0.982546
161.000000,1788302693.830512,1894277838.129251,1893258155.112267,59185277.946204,64963181.243504,65556525.772733,0.967738,0.983611,0.983183
162.000000,1791290668.449945,1898630127.974933,1897831523.800497,58122638.573239,65649286.125308,65894953.263507,0.967739,0.984293,0.983670
163.000000,1794727715.316209,1903551391.720118,1902992939.944946,57803833.345325,66199593.393396,66094616.135588,0.967823,0.984960,0.984165
164.000000,1798923094.682762,1909507026.479541,1909181376.200977,58652883.164087,66434891.132374,65979667.847441,0.968428,0.985698,0.984752
165.000000,1803013352.282363,1915148798.960695,1915051255.486520,59469379.638943,66845903.207246,66035671.351916,0.968898,0.986389,0.985286
166.000000,1807167619.170727,1920737533.648422,1920846364.501995,60430995.741416,67366553.150329,66195730.652999,0.969326,0.987037,0.985779
167.000000,1812002087.417840,1927589083.505022,1927941817.427147,61240836.908011,67885912.271395,66352730.857570,0.970170,0.987853,0.986470
168.000000,1816480505.047414,1933813089.960462,1934361618.989108,62017588.441847,68267363.687433,66371321.246583,0.970990,0.988506,0.986977
169.000000,1819907127.716035,1938725808.760994,1939416453.828058,62695044.669097,68525529.995284,66268837.238936,0.971596,0.988989,0.987308
170.000000,1823281971.619897,1943808477.828652,1944611480.127775,63336577.970472,68822875.055978,66202963.882586,0.972094,0.989487,0.987664
171.000000,1826568468.035943,1948559645.195687,1949458894.604723,63368553.142332,69413407.882963,66417060.800611,0.972292,0.989922,0.987982
172.000000,1828571007.729198,1952049451.588006,1953073984.499373,63228210.292445,69925228.240268,66553602.274132,0.972397,0.990268,0.988231
173.000000,1830653104.800754,1954985430.874220,1956061964.268378,63002988.011969,70321536.506086,66578271.007856,0.972479,0.990463,0.988308
174.000000,1833612155.434361,1958324678.635229,1959286479.325161,62626736.733231,70648443.311159,66535952.558504,0.972708,0.990577,0.988283
175.000000,1835436768.757771,1960425605.205406,1961287058.573529,62030156.283212,70892672.330087,66415643.873907,0.972708,0.990556,0.988144
176.000000,1837976420.641826,1962961003.386900,1963614221.094122,61440552.055466,70994190.734995,66162018.248945,0.972860,0.990497,0.987958
177.000000,1842004678.469408,1966744778.518381,1967000067.542643,60759012.909812,71034497.522579,65849587.690209,0.973458,0.990474,0.987749
178.000000,1845755295.394195,1969918865.804005,1969651130.050208,59970733.016418,71177574.013958,65638852.758117,0.973992,0.990476,0.987567
179.000000,1848256195.050245,1972096714.155445,1971338701.767907,59043119.523871,71522753.062465,65618436.920843,0.974318,0.990351,0.987267
180.000000,1850436342.306424,1974070999.697749,1972831425.199656,58259160.444128,71950703.934312,65673511.962126,0.974590,0.990262,0.987013
181.000000,1852438470.836154,1975998327.246534,1975015777.537999,57529703.086096,72621950.077931,66509040.552695,0.974858,0.990181,0.987192
182.000000,1854168076.013781,1977818046.659054,1977071057.173177,57194543.099278,73387296.053832,67424139.247963,0.975174,0.990118,0.987330
183.000000,1856270806.033918,1979717071.425758,1979162630.108202,56778952.415406,73919332.228513,68120231.727098,0.975417,0.989940,0.987343
184.000000,1857783997.120528,1980325615.173578,1979831009.411073,56271862.094852,74022244.831920,68403635.278173,0.975665,0.989575,0.987108
185.000000,1858957056.606726,1980249923.065675,1979770032.210198,55769160.789531,73749393.827049,68318533.184822,0.975886,0.989115,0.986748
186.000000,1860350172.432472,1980381316.547988,1979895710.275311,55290411.525980,73320902.746420,68075023.453426,0.976093,0.988648,0.986372
187.000000,1862484983.743739,1981133456.460112,1980601021.177875,54896416.831419,72806001.441823,67740005.460117,0.976331,0.988145,0.985952
188.000000,1863482499.954607,1980829085.433648,1980279401.442658,54541908.724266,72402435.612151,67503805.686844,0.976390,0.987555,0.985437
189.000000,1863411624.526480,1979664611.683363,1979142846.961964,54027124.275921,71951899.299963,67214077.917111,0.976272,0.986864,0.984823
190.000000,1863206520.100465,1978541077.346054,1978059958.357676,53538475.950987,71863271.558995,67262624.876330,0.976032,0.986210,0.984259
191.000000,1862711543.761115,1977352789.512497,1976961584.533359,52839964.396724,71853855.886524,67378454.226036,0.975596,0.985407,0.983557
192.000000,1862547605.572085,1976447595.944013,1976117097.190014,52308436.367898,71966610.696679,67603071.878790,0.975252,0.984741,0.982983
193.000000,1863638169.463882,1977329513.326068,1977091612.066288,52927296.549589,72401292.616179,68318535.383960,0.975357,0.984526,0.982803
194.000000,1864535014.920417,1978269252.515129,1978201753.845656,53456102.415957,71296422.637795,69083354.776208,0.975381,0.984316,0.982656
195.000000,1865321837.083647,1979037915.558995,1979144331.107815,53884642.786449,70284480.108360,69418057.743644,0.975445,0.984131,0.982530
196.000000,1866431329.105051,1980361849.486400,1980671906.194706,54256253.275799,69312360.724890,68812121.212042,0.975423,0.983936,0.982406
197.000000,1867067167.442865,1981027745.940017,1981523849.801955,54543097.551904,68435301.711865,68305901.090263,0.975291,0.983732,0.982282
198.000000,1868423591.455028,1982818661.440297,1983597660.578329,55003986.008140,68566826.799840,68808667.837436,0.975416,0.983923,0.982554
199.000000,1871942068.887518,1986233896.576171,1987355438.551705,55216352.825001,69584790.954525,70211992.856421,0.975848,0.984433,0.983189
200.000000,1874122499.454083,1990115586.270716,1990110768.550080,55397053.420596,70251643.244213,71578509.004865,0.976188,0.984191,0.983749
201.000000,1876491286.242400,1992148360.573821,1992653212.552255,55588446.048358,70853624.186720,72949361.038081,0.976451,0.983648,0.984243
202.000000,1878201354.604143,1993525477.275995,1994970662.332863,55895417.543759,71773871.755352,74461738.816368,0.976643,0.983534,0.984731
203.000000,1880059101.469408,1995503364.761639,1997079328.996648,56375790.713947,72808634.697070,75860436.979142,0.976826,0.983870,0.985064
204.000000,1881856772.511227,1997058301.319984,1998838888.728584,56799963.076607,73767849.836374,77177493.098148,0.976945,0.984118,0.985310
205.000000,1883354969.831257,1997879375.576721,1999916310.593464,57219309.482404,74659755.841913,77491633.685312,0.976920,0.984266,0.985445
206.000000,1884699327.907888,1998621080.312021,2000960339.414614,57470235.390078,75004496.055691,77825002.856214,0.976847,0.984467,0.985622
207.000000,1885892049.972261,2001079114.732508,2001903854.981404,57693893.346323,75891546.450478,78198836.158578,0.976631,0.984963,0.985759
208.000000,1886117264.710322,2001002156.409569,2001863427.986965,57930921.314062,76609817.182343,78584536.796287,0.976307,0.985015,0.985811
209.000000,1885822481.457971,1999957046.069767,2001215332.161217,58041851.776264,76774113.537286,78678096.578760,0.975818,0.984830,0.985744
210.000000,1884297644.700821,1998503208.635931,1999428853.560049,58284568.698798,76123177.666991,78644148.495762,0.975304,0.984699,0.985556
211.000000,1882456039.002713,1996752749.458751,1997417806.592171,57989040.481205,75194449.316661,77456347.874225,0.974841,0.984534,0.985344
212.000000,1881218409.735070,1995793404.498506,1996271109.581879,58215825.045721,74700472.510969,76695503.137301,0.974551,0.984485,0.985238
213.000000,1879104468.056059,1993631760.854201,1993982754.327041,58260369.413906,74079126.474185,75798301.424233,0.974090,0.984289,0.984980
214.000000,1876039338.427993,1990412521.877464,1990667446.555190,57952049.926383,73145148.564302,74583841.988388,0.973462,0.983951,0.984575
215.000000,1872915204.967211,1987144257.934187,1987334989.545755,57731149.442259,72417783.129762,73571861.209471,0.972817,0.983662,0.984207
216.000000,1869942662.441000,1983291517.770348,1983487947.666509,57723551.715030,71539987.108974,72409247.344550,0.972180,0.983225,0.983689
217.000000,1867703999.891308,1980193485.849608,1980433920.954324,57543566.736653,70768490.716152,71348762.922974,0.971589,0.982815,0.983186
218.000000,1865475609.702858,1977432046.626137,1977741786.787760,57545556.176485,69969715.676221,70260775.805322,0.971176,0.982432,0.982719
219.000000,1862200438.856860,1973713838.770148,1974106579.196952,57489569.944356,69303704.237837,69301462.439235,0.970668,0.981868,0.982065
220.000000,1858535861.757099,1969240930.056105,1969784131.289073,57458593.239766,68762549.813791,68462238.296747,0.969944,0.981284,0.981371
221.000000,1854779588.509562,1965054341.322130,1965745638.200752,57360980.061887,68164714.763645,67568100.173248,0.969344,0.980723,0.980706
222.000000,1851086407.742350,1960839417.649979,1961682552.511687,57350530.944692,67502467.558348,66612740.856645,0.968753,0.980106,0.979976
223.000000,1848805170.509274,1957305500.732161,1958385922.320878,57450805.085158,68059020.322460,66898844.080767,0.968545,0.979818,0.979609
224.000000,1846649712.579037,1953539256.545784,1954899310.332663,57203993.687465,69051152.459606,67617457.981864,0.968226,0.979585,0.979291
225.000000,1844502175.565363,1949950031.770197,1951546580.046945,57011704.570854,69871559.333823,68291917.347673,0.967864,0.979323,0.978940
226.000000,1842435202.320252,1948139666.868001,1948382857.297574,56938871.030644,68762464.473447,68911624.340512,0.967477,0.978436,0.978621
227.000000,1839712090.779159,1943982493.275344,1944422958.897010,56740213.820360,67233494.999073,68992973.035330,0.966933,0.977159,0.978166
228.000000,1837075916.673445,1939477453.876420,1940445815.521017,56304430.127142,66019033.752404,67976341.481807,0.966355,0.976184,0.977613
229.000000,1835995846.991365,1937553490.935452,1938368484.394768,55889204.313425,66651848.287869,68530565.954333,0.965856,0.976235,0.977502
230.000000,1835258524.477720,1936331088.838415,1937011004.908197,55424632.297362,67114119.234626,68902624.979962,0.965617,0.976443,0.977566
231.000000,1834488134.991283,1935735542.644214,1936269262.508287,55084098.808451,67540942.190948,69226608.043773,0.965609,0.976702,0.977696
232.000000,1833248764.207597,1934600001.137714,1934989696.161760,54712787.034094,67948703.787098,69518995.187162,0.965494,0.976804,0.977669
233.000000,1830943163.802615,1932246948.010648,1932500555.578590,54369629.533530,68161536.587807,69602467.613733,0.965236,0.976725,0.977464
234.000000,1828967169.211811,1930132533.556372,1930287371.114904,54203270.141459,68586840.741107,69889218.800672,0.964987,0.976678,0.977286
235.000000,1827308228.739353,1928111852.110342,1928225566.525058,54017942.989665,69061802.166882,70217026.023001,0.964641,0.976594,0.977070
236.000000,1824950192.693930,1925244876.385048,1925378468.153359,53710040.066111,69421935.098318,69994236.451968,0.964144,0.976328,0.976672
237.000000,1823005604.307223,1922653302.181307,1922898718.184830,53453736.479084,69635102.023394,69139784.267015,0.963708,0.976016,0.976237
238.000000,1820841399.828130,1919755628.131097,1920170773.489447,53127508.286276,69621680.287647,68198065.102213,0.963257,0.975570,0.975666
239.000000,1818094112.339543,1916533819.790209,1917167164.311097,53005259.825716,69699122.806835,67494466.953566,0.962774,0.975193,0.975176
240.000000,1815256709.121581,1913867623.592159,1914759813.420279,53624541.733826,69611351.529322,68146883.772948,0.962558,0.975121,0.975023
241.000000,1812609909.855402,1910882438.107004,1912098490.237318,54262384.851739,69788251.173109,68780422.426072,0.962324,0.974998,0.974857
242.000000,1809535727.092022,1908735484.888654,1908999491.092439,54881300.578572,68956517.850090,69396617.901886,0.962058,0.974087,0.974707
243.000000,1806550388.366737,1905793720.325750,1906245923.776058,55454410.451805,68031400.204517,69971582.809045,0.961759,0.973136,0.974669
244.000000,1803165924.244889,1902250486.708354,1903090581.201041,56059656.474247,67610966.471254,70262801.355233,0.961508,0.972586,0.974563
245.000000,1798348766.013999,1898414088.661672,1898944771.407706,56724512.351815,67533598.330216,70041902.986304,0.961158,0.972534,0.974367
246.000000,1793557485.098326,1894190294.450287,1894491906.461735,57404545.753862,67561119.656550,69804401.327393,0.960767,0.972365,0.974065
247.000000,1789338344.274599,1890516556.583268,1890673910.520292,58109599.819339,67575526.982222,69013383.032314,0.960633,0.972211,0.973795
248.000000,1787086267.724281,1889056217.091213,1889142727.433400,58860821.502031,67341489.675359,68250576.233258,0.961274,0.972154,0.973673
249.000000,1784219843.519977,1886701902.655637,1886758937.279641,59553097.694358,66675109.488868,67282598.145402,0.961805,0.972041,0.973499
250.000000,1782889363.636298,1885439397.751273,1885539244.731207,60430111.100652,66326424.978943,67216779.590028,0.962484,0.972281,0.973674
251.000000,1781768152.445455,1884244752.422102,1884422897.608403,60564442.702291,66683084.810590,67872209.822891,0.963197,0.972583,0.973908
252.000000,1780024716.165165,1882557408.118415,1882855205.355598,60755788.098828,65695729.964501,66949870.961755,0.963757,0.972840,0.974094
253.000000,1777881359.327489,1880508104.651937,1880959529.964535,60825142.516972,64710869.073038,65781019.648257,0.964202,0.973040,0.974217
254.000000,1775209792.177240,1877790237.968393,1878439820.434332,60886307.103049,63700922.649118,64587193.712322,0.964646,0.973043,0.974151
255.000000,1772879791.119843,1875218501.241861,1876129782.199907,61012986.865362,62634940.822746,63341233.176766,0.965102,0.972897,0.973941
256.000000,1770866719.725808,1872554591.206103,1873792680.480822,61232959.167242,61796846.054566,62337362.890333,0.965396,0.972736,0.973720
257.000000,1769833301.287117,1871622070.644809,1871911576.524221,61746650.899294,59629761.609619,61334799.822205,0.965949,0.971318,0.973376
258.000000,1768780569.043044,1869704814.735479,1870305287.427300,61517309.601944,57824762.241447,60666252.977502,0.966325,0.969879,0.973271
259.000000,1767963643.733882,1867832812.139710,1869012328.825069,61123881.027349,56820162.962009,60115201.444055,0.966584,0.969319,0.973418
260.000000,1766774805.246328,1866338062.252108,1867365788.235783,60749440.548907,56786792.202025,59903972.148927,0.966727,0.969720,0.973699
261.000000,1764671042.786244,1863971631.384903,1864824154.419420,60391968.470033,56726436.644142,59671087.270549,0.966758,0.970031,0.973885
262.000000,1762967252.281919,1861883501.494319,1862649904.298352,59944663.270954,56841394.961795,59629432.631699,0.966721,0.970345,0.974071
263.000000,1759652396.143704,1857995202.948020,1858697086.176642,59631378.268851,56300519.607531,58904353.806763,0.966532,0.970250,0.973869
264.000000,1756294550.744834,1853966566.785035,1854643414.093600,59287090.400013,55760024.112002,58186743.195893,0.966270,0.970050,0.973563
265.000000,1752525786.156640,1849796002.085927,1850473688.812843,58929456.487387,55252092.659675,57510229.572282,0.965836,0.969889,0.973274
266.000000,1749493961.261223,1846453002.106421,1847163771.292948,58531090.593231,55816110.502930,57960314.885659,0.965174,0.970184,0.973402
267.000000,1746438056.458032,1843138720.861435,1843896284.349340,58186213.059074,56644542.945483,58680373.182752,0.964480,0.970469,0.973520
268.000000,1741342574.683676,1837859002.625607,1838638349.545675,57594080.926198,57482799.520906,59402743.568686,0.963604,0.970508,0.973406
269.000000,1736014406.841958,1832437980.440998,1833261150.531762,57041650.594177,58294758.823829,60088274.590905,0.962613,0.970530,0.973268
270.000000,1730420246.184967,1826664123.276579,1827557613.059081,56563459.928943,59137240.976459,60797360.081525,0.961486,0.970546,0.973113
271.000000,1725903653.122438,1822282411.238370,1823307917.112464,56177533.868459,60020344.569187,61541555.399565,0.960269,0.970702,0.973077
272.000000,1721675253.423296,1818116511.812262,1819320746.123666,55950482.411262,60933966.655161,62311031.026330,0.959133,0.970776,0.972971
273.000000,1717686965.096421,1814457168.844180,1815939873.954557,55844747.459444,61889203.730574,63125528.413791,0.958085,0.970862,0.972896
274.000000,1715132554.734333,1813444388.423030,1813694263.196871,55757758.631078,61489776.723861,63925800.280175,0.957239,0.969534,0.972881
275.000000,1714387077.856652,1812607075.988709,1812914925.904785,55732350.588818,61043229.743908,64728798.984011,0.956411,0.967951,0.972921
276.000000,1714613097.132753,1812231971.064870,1813057019.099549,55510995.613855,61339304.097831,65615270.280623,0.955737,0.967079,0.972885
277.000000,1715908605.500632,1812947483.491765,1813789342.116865,55284606.933508,62283563.068013,65441012.253830,0.955133,0.967179,0.972731
278.000000,1718054138.310190,1815627782.264390,1816425358.433836,55026250.730964,63225815.626692,65900534.664060,0.954894,0.967671,0.972957
279.000000,1722258582.084258,1820527412.919425,1821390588.754104,54720407.594752,64210534.036761,67067853.950112,0.955297,0.968405,0.973480
280.000000,1726821929.773518,1824953035.403946,1825939122.451776,54496845.017196,65196596.305182,68451852.219771,0.955658,0.969007,0.973856
281.000000,1730569713.138286,1828663892.464887,1829744508.635489,54016633.248749,66191274.837993,69801720.161115,0.955861,0.969525,0.974122
282.000000,1733680239.039570,1831815075.796284,1832966519.340126,53537178.930107,67197299.674773,70653965.059136,0.956079,0.969863,0.974212
283.000000,1736146631.159388,1834468434.677037,1835674445.100929,53230193.327259,68209259.777267,71505615.862499,0.956240,0.970164,0.974252
284.000000,1737330931.299240,1836424487.498817,1837637189.344229,53111405.869152,68821608.388758,71813498.015986,0.956395,0.970439,0.974272
285.000000,1738775637.315161,1838350042.085979,1839600105.582464,53174940.005551,67876646.245028,70922712.878906,0.956542,0.970648,0.974215
286.000000,1740367384.130981,1840193138.278097,1841474414.884248,52852127.878647,66938379.370352,69830837.892903,0.956696,0.970811,0.974106
287.000000,1742535101.040978,1844267605.881902,1844346961.679672,52281487.285006,68454304.357533,68908279.972486,0.957023,0.973601,0.974112
288.000000,1743694759.792203,1845836859.300840,1846246887.946089,51737577.276371,69879058.544893,67883704.410511,0.957162,0.975574,0.973902
289.000000,1745031273.323595,1847120836.272265,1848267896.873281,51170183.954124,70106693.977038,66837080.568985,0.957337,0.976251,0.973612
290.000000,1745942266.824116,1848888223.843153,1849948647.937417,50562984.512970,69088766.035832,65730998.874912,0.957338,0.976352,0.973520
291.000000,1746233916.134333,1849983976.303537,1850958689.784221,49970178.419059,68082305.041760,64641975.045168,0.957251,0.976397,0.973387
292.000000,1745504411.832525,1850112303.259202,1851019623.798629,49414537.765696,67264487.527246,63739884.234913,0.957050,0.976396,0.973216
293.000000,1744535320.429203,1850366920.426956,1851191351.658644,48942707.459765,68250456.250192,64562196.115504,0.956571,0.976818,0.973527
294.000000,1743569648.903086,1850641526.474595,1851355572.375321,48621737.350075,69195706.022089,65340673.203918,0.956215,0.977368,0.973945
295.000000,1742571994.819358,1851345110.992444,1851975682.966226,48453816.337342,68812979.105742,64870839.974845,0.955970,0.977961,0.974391
296.000000,1741493061.762286,1853492436.519290,1852713478.036681,48931998.319912,65801051.946508,64099032.723852,0.956063,0.977389,0.974857
297.000000,1741735034.079573,1855510995.130155,1854917717.230731,49597015.910138,64392041.076901,64840705.455193,0.956107,0.977019,0.975916
298.000000,1742230105.482958,1856946392.535179,1857011571.135027,50308995.865629,64232677.657190,65694503.229409,0.956030,0.977446,0.977038
299.000000,1743269043.795637,1859959537.849962,1859705566.837110,51148352.459492,65203639.719202,66547303.521765,0.955961,0.978873,0.978140
300.000000,1743452079.366822,1862387174.096242,1861751669.562568,51868619.722345,66202229.588132,67430332.254873,0.955593,0.980304,0.979249
